Numťro du support;Longitude;Latitude;Position;Insee;Lieu dit;Adresse;Code postal;Commune;Nature du support;Hauteur en m;Propriťtaire
30519;-1.662777777777778;48.11527777777778;"48į6'55.000""N 1į39'46.000""W";35238;"";R DE LA PALESTINE;35700;RENNES;Immeuble;29.0;"Copropriťtť, Syndic, SCI"
93538;-1.6011111111111112;48.121944444444445;"48į7'19.000""N 1į36'4.000""W";35051;"";52 R DE BELLE EPINE;35510;CESSON SEVIGNE;Immeuble;24.0;Sociťtť HLM
132400;-1.6658333333333335;48.09972222222222;"48į5'59.000""N 1į39'57.000""W";35238;"";"45, R DE RIAVAL";35700;RENNES;Immeuble;17.0;"Copropriťtť, Syndic, SCI"
191770;-1.6930555555555555;48.12027777777778;"48į7'13.000""N 1į41'35.000""W";35238;"";2 R HENRY LE GUILLOUX;35700;RENNES;B‚timent;12.0;Etablissement de soins
223039;-1.673888888888889;48.089444444444446;"48į5'22.000""N 1į40'26.000""W";35238;"";121 BD  ALBERT 1ER;35700;RENNES;Immeuble;21.0;ORANGE Services Fixes
246908;-1.6533333333333333;48.1175;"48į7'3.000""N 1į39'12.000""W";35238;"";17 R LAVOISIER;35700;RENNES;Immeuble;17.0;Particulier
264178;-1.666111111111111;48.11527777777778;"48į6'55.000""N 1į39'58.000""W";35238;"";29 R DE LA PALESTINE;35700;RENNES;Immeuble;21.7;Sociťtť Privťe SA
274864;-1.6961111111111111;48.1175;"48į7'3.000""N 1į41'46.000""W";35238;"";2 AV DU PR L…ON BERNARD CAMPUS DE VILLEJEAN;35700;RENNES;Immeuble;24.5;"Etat, MinistŤre"
328065;-1.5911111111111111;48.1125;"48į6'45.000""N 1į35'28.000""W";35051;"";RTE DE DOMLOUP CCAL CARREFOUR;35510;CESSON SEVIGNE;B‚timent;17.0;Sociťtť Privťe SA
334235;-1.6883333333333332;48.118611111111115;"48į7'7.000""N 1į41'18.000""W";35238;"";"24 AV DU 41»ME R…GIMENT D'INFANTERIE";35700;RENNES;Immeuble;27.8;"Syndicat des eaux, Adduction"
347067;-1.636388888888889;48.1025;"48į6'9.000""N 1į38'11.000""W";35238;"";R CAMILLE ST SAňNS LIGNE SNCF RENNES CHATEAUBRIAND;35700;RENNES;PylŰne autostable;25.0;HIVORY
347629;-1.680277777777778;48.109722222222224;"48į6'35.000""N 1į40'49.000""W";35238;"";1 QUAI LAMENNAIS RESTAURANT QUICK;35700;RENNES;Immeuble;24.0;Sociťtť Privťe SA
351742;-1.696388888888889;48.118611111111115;"48į7'7.000""N 1į41'47.000""W";35238;"";2 AV DU PR L…ON BERNARD BAT 22 - 23 CAMPUS DE VILLEJEAN;35700;RENNES;Immeuble;26.0;"Etat, MinistŤre"
356427;-1.6144444444444446;48.111111111111114;"48į6'40.000""N 1į36'52.000""W";35051;"";35 AV DES PEUPLIERS;35510;CESSON SEVIGNE;B‚timent;10.0;Sociťtť Privťe SA
370774;-1.6172222222222223;48.09916666666667;"48į5'57.000""N 1į37'2.000""W";35055;"";1 FORUM DE LA ROCADE;35135;CHANTEPIE;B‚timent;7.0;Towercast
415392;-1.6644444444444444;48.12583333333333;"48į7'33.000""N 1į39'52.000""W";35238;"";3 BD EMMANUEL MOUNIER;35700;RENNES;B‚timent;45.0;Particulier
439625;-1.7047222222222222;48.10388888888889;"48į6'14.000""N 1į42'17.000""W";35238;"";10 R DE GUEBRIANT;35000;RENNES;Immeuble;20.0;"Copropriťtť, Syndic, SCI"
442555;-1.6175;48.08833333333333;"48į5'18.000""N 1į37'3.000""W";35055;"";"PL DE L'EGLISE";35135;CHANTEPIE;Monument religieux;30.0;"Commune, communautť de commune"
443983;-1.778888888888889;48.10194444444444;"48į6'7.000""N 1į46'44.000""W";35240;LA ROMILLAIS;"";35650;RHEU;PylŰne tubulaire;43.0;SFR
444333;-1.6272222222222221;48.124722222222225;"48į7'29.000""N 1į37'38.000""W";35051;BEL AIR;2 R DU CLOS COURTEL BUTTES DE COESMES;35510;CESSON SEVIGNE;Tour hertzienne;124.0;TDF
456371;-1.712222222222222;48.121944444444445;"48į7'19.000""N 1į42'44.000""W";35238;"";23 R DU NIVERNAIS IMM LE CORBIGNY;35000;RENNES;Immeuble;57.0;Sociťtť Privťe SA
471459;-1.5775000000000001;48.11666666666667;"48į7'0.000""N 1į34'39.000""W";35051;PORTE DE LA RIGOURDI»RE;LE CROISIC N157;35510;CESSON SEVIGNE;PylŰne autostable;30.0;TOTEM
472675;-1.6755555555555555;48.09861111111111;"48į5'55.000""N 1į40'32.000""W";35238;"";"92 R DE L'ALMA";35000;RENNES;B‚timent;20.3;"Copropriťtť, Syndic, SCI"
474149;-1.632222222222222;48.09638888888889;"48į5'47.000""N 1į37'56.000""W";35238;"";42 R DES VEYETTES ZI SUD EST;35000;RENNES;PylŰne tubulaire;48.0;BOUYGUES
476649;-1.6636111111111112;48.103611111111114;"48į6'13.000""N 1į39'49.000""W";35238;"";1-2 R PIERRE MARTIN;35000;RENNES;Immeuble;41.0;Sociťtť HLM
478352;-1.5972222222222223;48.128055555555555;"48į7'41.000""N 1į35'50.000""W";35051;LE PLACIS VERT;R DE LA CHALOTAIS;35510;CESSON SEVIGNE;PylŰne tubulaire;20.0;TOTEM
486841;-1.5875;48.11194444444445;"48į6'43.000""N 1į35'15.000""W";35051;"";ZA LA RIGOURDI»RE - N.136 CCAL CARREFOUR;35510;CESSON SEVIGNE;PylŰne tubulaire;28.2;TOTEM
494121;-1.6724999999999999;48.108333333333334;"48į6'30.000""N 1į40'21.000""W";35238;"";9 AV JANVIER;35000;RENNES;Tour hertzienne;65.0;TDF
497808;-1.6830555555555555;48.1125;"48į6'45.000""N 1į40'59.000""W";35238;"";1 PL DE LA TRINITE;35000;RENNES;Immeuble;24.0;Sociťtť Privťe SA
507130;-1.7066666666666666;48.111666666666665;"48į6'42.000""N 1į42'24.000""W";35238;"";R GUILLAUME R…GNIER PR»S VOIES  SNCF;35000;RENNES;PylŰne tubulaire;24.0;TOTEM
554031;-1.6208333333333333;48.10138888888889;"48į6'5.000""N 1į37'15.000""W";35051;LE CH NE MORAND;"56, R DU CH NE MORAND ZI DE CESSON";35510;CESSON SEVIGNE;PylŰne autostable;80.0;Towercast
558883;-1.754722222222222;48.125277777777775;"48į7'31.000""N 1į45'17.000""W";35353;CHAMP ROBERT;R DE LA BELLE EPINE D 68;35132;VEZIN LE COQUET;PylŰne autostable;35.0;TOTEM
566650;-1.7166666666666668;48.10638888888889;"48į6'23.000""N 1į43'0.000""W";35238;"";"123, ROUTE DE LORIENT ST… AUTO OMNIA INDUSTRIE PARC D'ACTIVIT…S RENNES OUEST";35000;RENNES;PylŰne tubulaire;27.0;TOTEM
571333;-1.6558333333333333;48.11666666666667;"48į7'0.000""N 1į39'21.000""W";35238;"";4 BD ALEXIS CARREL;35000;RENNES;Monument religieux;40.0;"Commune, communautť de commune"
592772;-1.6744444444444446;48.10333333333333;"48į6'12.000""N 1į40'28.000""W";35238;LE COLOMBIER;22 BD  DE  BEAUMONT;35000;RENNES;B‚timent;34.0;SNCF Rťseau
599755;-1.691388888888889;48.1075;"48į6'27.000""N 1į41'29.000""W";35238;"";47/49 QUAI DE LA PR…VALAYE;35000;RENNES;Immeuble;36.0;"Copropriťtť, Syndic, SCI"
601058;-1.6536111111111111;48.14138888888889;"48į8'29.000""N 1į39'13.000""W";35238;LE CHAMP PIROU;ZAC PATTON;35000;RENNES;PylŰne autostable;33.0;TOTEM
615852;-1.7108333333333334;48.105;"48į6'18.000""N 1į42'39.000""W";35238;"";R JULES VALL»S ZAC DE CLEUNAY;35000;RENNES;PylŰne tubulaire;37.0;HIVORY
618690;-1.6744444444444446;48.09638888888889;"48į5'47.000""N 1į40'28.000""W";35238;"";"81 R DE L'ALMA";35000;RENNES;Immeuble;25.0;Sociťtť Privťe SA
619451;-1.6011111111111112;48.12277777777778;"48į7'22.000""N 1į36'4.000""W";35051;"";12 R DE LA CHALOTAIS;35510;CESSON SEVIGNE;B‚timent;19.4;Sociťtť HLM
619534;-1.6955555555555555;48.08416666666667;"48į5'3.000""N 1į41'44.000""W";35238;"";12 SQ DES CLOTEAUX;35000;RENNES;Immeuble;39.0;Sociťtť Privťe SA
620271;-1.6533333333333333;48.12861111111111;"48į7'43.000""N 1į39'12.000""W";35238;"";1 AV DES GAYEULLES;35000;RENNES;Immeuble;40.0;Sociťtť HLM
620280;-1.649722222222222;48.08833333333333;"48į5'18.000""N 1į38'59.000""W";35238;"";2 SQ HAUTES OURMES;35000;RENNES;B‚timent;55.0;Sociťtť HLM
620785;-1.691388888888889;48.13944444444444;"48į8'22.000""N 1į41'29.000""W";35278;"";"10 R DE LA CERISAIE PARK MAGASIN CLOR'I";35760;SAINT GREGOIRE;PylŰne autostable;46.0;SFR
620834;-1.7027777777777777;48.12166666666667;"48į7'18.000""N 1į42'10.000""W";35238;"";18-20 AV DE LA BATAILLE FLANDRES DUNKERQUE;35000;RENNES;Immeuble;26.3;Sociťtť HLM
624832;-1.7116666666666667;48.12583333333333;"48į7'33.000""N 1į42'42.000""W";35238;"";R DU DOYEN DENIS LEROY;35000;RENNES;PylŰne tubulaire;30.4;HIVORY
632882;-1.6616666666666666;48.108333333333334;"48į6'30.000""N 1į39'42.000""W";35238;"";10 R ALPHONSE GU…RIN;35000;RENNES;PylŰne autostable;33.2;BOUYGUES
637342;-1.7227777777777777;48.119166666666665;"48į7'9.000""N 1į43'22.000""W";35238;LE PETIT CHAMPEAUX;PR»S D125 PONT LAGOT;35000;RENNES;PylŰne tubulaire;25.0;TOTEM
645599;-1.6691666666666667;48.13527777777778;"48į8'7.000""N 1į40'9.000""W";35238;"";1 SQ DE JOSSELIN;35000;RENNES;B‚timent;24.0;Sociťtť HLM
660681;-1.68;48.10527777777778;"48į6'19.000""N 1į40'48.000""W";35238;"";"L'EPERON";35000;RENNES;Immeuble;104.0;"Copropriťtť, Syndic, SCI"
671430;-1.74;48.08027777777778;"48į4'49.000""N 1į44'24.000""W";35281;"";10 R DE LA PITARDI»RE;35136;SAINT JACQUES DE LA LANDE;PylŰne tubulaire;25.0;HIVORY
671909;-1.7058333333333333;48.0825;"48į4'57.000""N 1į42'21.000""W";35281;"";R DE RABLAIS PL SALVADOR ALLENDE COMPLEXE SPORTIF;35136;SAINT JACQUES DE LA LANDE;PylŰne autostable;30.0;HIVORY
672722;-1.5827777777777778;48.096944444444446;"48į5'49.000""N 1į34'58.000""W";35051;LA TOUCHE SUR ROCHE;PR»S N.136 SORTIE M»NOURIAIS;35510;CESSON SEVIGNE;PylŰne haubanť;98.0;TDF
690633;-1.6430555555555557;48.126666666666665;"48į7'36.000""N 1į38'35.000""W";35238;LES GALLETS;CHEM DU GALLET;35000;RENNES;"Ch‚teau d'eau - rťservoir";56.0;"Commune, communautť de commune"
707870;-1.5905555555555555;48.095555555555556;"48į5'44.000""N 1į35'26.000""W";35051;FOSSE  AU LOUP;SITE ITAS TIM;35510;CESSON SEVIGNE;PylŰne autostable;36.0;TDF
735343;-1.6383333333333332;48.13194444444444;"48į7'55.000""N 1į38'18.000""W";35238;"";12 R DU PATIS TATELIN (RTE DE ST SULPICE) ZAC ST SULPICE;35000;RENNES;B‚timent;15.5;Sociťtť Privťe SA
747315;-1.6855555555555557;48.089166666666664;"48į5'21.000""N 1į41'8.000""W";35238;"";BD ALBERT 1ER;35000;RENNES;PylŰne tubulaire;30.5;CELLNEX
749770;-1.6516666666666668;48.08694444444444;"48į5'13.000""N 1į39'6.000""W";35238;"";3 PL DE PRAGUE;35000;RENNES;Immeuble;53.0;Sociťtť HLM
749804;-1.6783333333333332;48.11555555555555;"48į6'56.000""N 1į40'42.000""W";35238;"";15 IMP DES CARM…LITES;35000;RENNES;Immeuble;31.0;"Copropriťtť, Syndic, SCI"
749816;-1.685;48.10805555555555;"48į6'29.000""N 1į41'6.000""W";35238;"";2 BLD DE LA TOUR DE BRETAGNE PL DE BRETAGNE;35000;RENNES;Immeuble;30.5;"Copropriťtť, Syndic, SCI"
749818;-1.653888888888889;48.11055555555556;"48į6'38.000""N 1į39'14.000""W";35238;"";3 AV FRANCOIS CH¬TEAU;35000;RENNES;PylŰne autostable;45.0;TOTEM
749820;-1.7294444444444443;48.10722222222222;"48į6'26.000""N 1į43'46.000""W";35238;"";216/218 RTE DE LORIENT;35000;RENNES;PylŰne autostable;30.0;TOTEM
749824;-1.7205555555555556;48.15222222222222;"48į9'8.000""N 1į43'14.000""W";35189;COUPIGN…;CHAMP DU FOUR;35760;MONTGERMONT;PylŰne tubulaire;37.0;TOTEM
749891;-1.6422222222222222;48.10722222222222;"48į6'26.000""N 1į38'32.000""W";35238;"";AV CHARDONNET;35000;RENNES;PylŰne autostable;31.0;TOTEM
749894;-1.6683333333333334;48.11611111111111;"48į6'58.000""N 1į40'6.000""W";35238;"";48 BD  S…VIGN…;35000;RENNES;Immeuble;30.0;"Copropriťtť, Syndic, SCI"
749933;-1.6958333333333333;48.12833333333333;"48į7'42.000""N 1į41'45.000""W";35238;"";3  AV DE CUCILLE D.D.E.;35000;RENNES;B‚timent;32.0;Conseil Dťpartemental
749936;-1.6416666666666666;48.140277777777776;"48į8'25.000""N 1į38'30.000""W";35238;"";LA BASSE GAYEULLE COMPLEXE SPORTIF;35000;RENNES;PylŰne autostable;30.0;TOTEM
749938;-1.6875;48.094722222222224;"48į5'41.000""N 1į41'15.000""W";35238;"";17 BD GEORGES CL…MENCEAU;35000;RENNES;Immeuble;29.0;"Copropriťtť, Syndic, SCI"
749942;-1.6675;48.09527777777778;"48į5'43.000""N 1į40'3.000""W";35238;"";R BIGOT DE PR…AMENEU EGLISE STE TH…R»SE DE QUINELEU;35000;RENNES;Monument religieux;62.0;Association
749944;-1.642777777777778;48.12361111111111;"48į7'25.000""N 1į38'34.000""W";35238;"";33 AV DU PR CHARLES FOULON BAT D BEAULIEU;35000;RENNES;Immeuble;26.0;"Etat, MinistŤre"
749958;-1.6341666666666668;48.100833333333334;"48į6'3.000""N 1į38'3.000""W";35238;"";14 R DU PRE DU BOIS ZI DE RENNES;35000;RENNES;Immeuble;21.0;"Copropriťtť, Syndic, SCI"
749961;-1.7194444444444446;48.11472222222222;"48į6'53.000""N 1į43'10.000""W";35238;LE PETIT CHAMPEAUX;RTE DE VEZIN N 136;35000;RENNES;PylŰne tubulaire;30.0;TOTEM
749970;-1.653888888888889;48.09916666666667;"48į5'57.000""N 1į39'14.000""W";35238;"";21 BD L…ON BOURGEOIS IMM LE LANDRY;35000;RENNES;Immeuble;42.3;"Copropriťtť, Syndic, SCI"
750228;-1.6216666666666666;48.11472222222222;"48į6'53.000""N 1į37'18.000""W";35051;"";9002 R DE RENNES;35510;CESSON SEVIGNE;Immeuble;15.0;Particulier
750240;-1.7866666666666666;48.093333333333334;"48į5'36.000""N 1į47'12.000""W";35240;"";IMP DE GERHOUI;35650;RHEU;PylŰne tubulaire;35.0;TOTEM
750253;-1.6066666666666667;48.11222222222222;"48į6'44.000""N 1į36'24.000""W";35051;"";13 AV DES PEUPLIERS;35510;CESSON SEVIGNE;PylŰne tubulaire;22.0;TOTEM
750263;-1.5894444444444444;48.125;"48į7'30.000""N 1į35'22.000""W";35051;"";BD DE D…ZZERSEUL;35510;CESSON SEVIGNE;PylŰne autostable;22.0;TOTEM
750269;-1.6263888888888889;48.08611111111111;"48į5'10.000""N 1į37'35.000""W";35055;"";R DES LOGES;35135;CHANTEPIE;PylŰne autostable;14.0;TOTEM
750290;-1.7294444444444443;48.08361111111111;"48į5'1.000""N 1į43'46.000""W";35281;"";BD DE LA HAIE DES COGNETS;35136;SAINT JACQUES DE LA LANDE;PylŰne autostable;28.0;TOTEM
750292;-1.681111111111111;48.098333333333336;"48į5'54.000""N 1į40'52.000""W";35238;"";1 R DE VILLENEUVE  EGLISE SACR… COEUR;35000;RENNES;Monument religieux;35.0;Association
750323;-1.6905555555555556;48.08694444444444;"48į5'13.000""N 1į41'26.000""W";35238;"";ALL PIERRE DE COUBERTIN PLAINE DE JEUX DE BREQUIGNY;35000;RENNES;PylŰne tubulaire;30.0;TOTEM
750328;-1.6880555555555556;48.12638888888889;"48į7'35.000""N 1į41'17.000""W";35238;"";"R PIERRE LANGLAIS AV D'ILE DE FRANCE";35000;RENNES;Immeuble;16.0;"Copropriťtť, Syndic, SCI"
750336;-1.6994444444444445;48.11472222222222;"48į6'53.000""N 1į41'58.000""W";35238;"";R HENRY LE GUILLOUX;35000;RENNES;PylŰne tubulaire;21.0;TOTEM
750345;-1.605;48.117222222222225;"48į7'2.000""N 1į36'18.000""W";35051;"";"R DE L'HOTEL DE VILLE PL DE L'EGLISE";35510;CESSON SEVIGNE;Monument religieux;49.0;"Commune, communautť de commune"
750352;-1.6600000000000001;48.12027777777778;"48į7'13.000""N 1į39'36.000""W";35238;"";BD DE METZ R ZACHARIE ROUSSIN PARC DE COURTEMANCHE;35000;RENNES;PylŰne autostable;30.0;TOTEM
750369;-1.6972222222222224;48.080555555555556;"48į4'50.000""N 1į41'50.000""W";35238;LES ANJEUX;D…PARTEMENT 137;35000;RENNES;PylŰne tubulaire;28.0;TOTEM
750398;-1.7075;48.11694444444444;"48į7'1.000""N 1į42'27.000""W";35238;VILLEJEAN;8 AV DU LANGUEDOC R WINSTON CHRUCHILL;35000;RENNES;B‚timent;20.0;ORANGE Services Fixes
750410;-1.62;48.09527777777778;"48į5'43.000""N 1į37'12.000""W";35055;"";ALL…E DU STADE PR»S RN 136;35135;CHANTEPIE;PylŰne autostable;26.0;TOTEM
750412;-1.7619444444444445;48.14805555555556;"48į8'53.000""N 1į45'43.000""W";35210;"";R JEAN MARIE DAVID;35740;PACE;PylŰne tubulaire;35.0;TOTEM
750424;-1.6633333333333333;48.10777777777778;"48į6'28.000""N 1į39'48.000""W";35238;"";10 R ALPHONSE GU…RIN STADE V…LODROME COMMANDANT E. BOUGOUIN;35000;RENNES;PylŰne tubulaire;35.0;HIVORY
750433;-1.6419444444444444;48.119166666666665;"48į7'9.000""N 1į38'31.000""W";35238;"";ALL…E JEAN LERAY B¬TIMENT 22-23  COMPLEXE SCIENTIFIQUE DE RENNES-BE ADM : 263 AV DU GAL LECLERC;35000;RENNES;B‚timent;39.0;"Etat, MinistŤre"
750437;-1.7066666666666666;48.13861111111111;"48į8'19.000""N 1į42'24.000""W";35238;LE BOCAGE;CHEM RURAL 8;35000;RENNES;PylŰne autostable;33.0;TOTEM
750440;-1.6280555555555556;48.104166666666664;"48į6'15.000""N 1į37'41.000""W";35051;"";3 R DU BAS VILLAGE;35510;CESSON SEVIGNE;PylŰne tubulaire;25.0;TOTEM
750497;-1.6841666666666666;48.10138888888889;"48į6'5.000""N 1į41'3.000""W";35238;"";3 R PAUL FEVAL GARE SNCF;35000;RENNES;PylŰne autostable;33.0;"Commune, communautť de commune"
750499;-1.6019444444444444;48.13777777777778;"48į8'16.000""N 1į36'7.000""W";35051;"";"CH¬TEAU D'EAU DU ROQUET";35510;CESSON SEVIGNE;"Ch‚teau d'eau - rťservoir";37.0;"Commune, communautť de commune"
750517;-1.6711111111111112;48.11972222222222;"48į7'11.000""N 1į40'16.000""W";35238;"";18 AV JULES FERRY;35000;RENNES;Immeuble;21.0;"Commune, communautť de commune"
750522;-1.6780555555555554;48.10444444444445;"48į6'16.000""N 1į40'41.000""W";35238;"";1 R DU CAPITAINE MAIGNAN HOTEL MERCURE;35000;RENNES;Immeuble;41.5;Sociťtť Privťe SA
750527;-1.6844444444444444;48.12388888888889;"48į7'26.000""N 1į41'4.000""W";35238;"";2 R DE LA POMPE;35000;RENNES;Monument religieux;28.8;"Commune, communautť de commune"
750531;-1.6813888888888888;48.08638888888889;"48į5'11.000""N 1į40'53.000""W";35238;"";1 SQ DE CAR…LIE IMM LE GRAND LIEU;35000;RENNES;Immeuble;53.5;Sociťtť HLM
750534;-1.6527777777777777;48.086666666666666;"48į5'12.000""N 1į39'10.000""W";35238;"";"1 PL DE PRAGUE IMM L'AUNIS";35000;RENNES;Immeuble;52.8;Sociťtť HLM
750544;-1.7130555555555556;48.12111111111111;"48į7'16.000""N 1į42'47.000""W";35238;"";30 R DU BOURBONNAIS;35000;RENNES;Immeuble;54.2;Sociťtť HLM
750549;-1.6819444444444445;48.12861111111111;"48į7'43.000""N 1į40'55.000""W";35238;"";76 AV GROS MALHON;35000;RENNES;PylŰne autostable;30.0;"Commune, communautť de commune"
751593;-1.7719444444444445;48.14861111111111;"48į8'55.000""N 1į46'19.000""W";35210;"";7 AV JOSEPH LE BRIX;35740;PACE;Immeuble;19.0;Sociťtť Privťe SA
756546;-1.6908333333333334;48.11805555555556;"48į7'5.000""N 1į41'27.000""W";35238;"";18 R LEON RICOTTIER;35000;RENNES;Immeuble;53.6;Sociťtť Privťe SA
789562;-1.701111111111111;48.111666666666665;"48į6'42.000""N 1į42'4.000""W";35238;"";30 R LOUIS GUILLOUX;35000;RENNES;Immeuble;38.0;"Copropriťtť, Syndic, SCI"
796838;-1.6630555555555555;48.08611111111111;"48į5'10.000""N 1į39'47.000""W";35238;"";1 ALL…E DE LUCERNE;35000;RENNES;Immeuble;49.0;Sociťtť HLM
813502;-1.6608333333333332;48.07944444444445;"48į4'46.000""N 1į39'39.000""W";35206;LA BIDOIS;D82;35230;NOYAL CHATILLON SUR SEICHE;PylŰne autostable;30.0;TOTEM
814170;-1.6975;48.113055555555555;"48į6'47.000""N 1į41'51.000""W";35238;"";"37, R DE BREST RES LE BELVEDERE";35000;RENNES;Immeuble;61.2;"Copropriťtť, Syndic, SCI"
854881;-1.636111111111111;48.13194444444444;"48į7'55.000""N 1į38'10.000""W";35238;"";1 R DE JOUANET ZAC ST-SULPICE;35000;RENNES;PylŰne tubulaire;25.0;HIVORY
932163;-1.587222222222222;48.124722222222225;"48į7'29.000""N 1į35'14.000""W";35051;"";45 BD  DE DEZERSEUL;35510;CESSON SEVIGNE;PylŰne tubulaire;40.0;ON TOWER FRANCE
957669;-1.6872222222222222;48.13361111111111;"48į8'1.000""N 1į41'14.000""W";35238;"";"119, AV GROS MALHON";35000;RENNES;PylŰne tubulaire;27.0;SFR
1012540;-1.7144444444444444;48.09861111111111;"48į5'55.000""N 1į42'52.000""W";35238;LES PETITES CROISETTES;CHEMIN DE LA TAUPINAIS LA GAUDINE;35000;RENNES;PylŰne tubulaire;30.0;TOTEM
1019227;-1.7036111111111112;48.12083333333333;"48į7'15.000""N 1į42'13.000""W";35238;UNIVERSITE RENNES 2;AV GASTON BERGER AV DE LA BATAILLE FLANDRES DUNKERQUE;35000;RENNES;B‚timent;27.0;"Commune, communautť de commune"
1029655;-1.7091666666666665;48.121944444444445;"48į7'19.000""N 1į42'33.000""W";35238;"";1 RUE DU NIVERNAIS;35000;RENNES;Immeuble;48.7;Sociťtť HLM
1046450;-1.6347222222222224;48.09777777777778;"48į5'52.000""N 1į38'5.000""W";35238;"";14 RUE DU NOYER;35000;RENNES;PylŰne tubulaire;25.0;TOTEM
1052042;-1.7161111111111111;48.11222222222222;"48į6'44.000""N 1į42'58.000""W";35238;"";CHEMIN DE FER DE PARIS ņ BREST;35000;RENNES;PylŰne autostable;25.0;SNCF Rťseau
1054701;-1.6508333333333334;48.09444444444444;"48į5'40.000""N 1į39'3.000""W";35238;"";"2, RUE LOUIS BOSSI»RE";35000;RENNES;Immeuble;15.6;Sociťtť HLM
1058803;-1.6347222222222224;48.088055555555556;"48į5'17.000""N 1į38'5.000""W";35238;"";RUE MICHEL G…RARD;35000;RENNES;PylŰne tubulaire;30.0;TOTEM
1059274;-1.6841666666666666;48.136944444444445;"48į8'13.000""N 1į41'3.000""W";35278;CLOS DU BOIS;"";35760;SAINT GREGOIRE;PylŰne autostable;25.0;SNCF Rťseau
1105519;-1.6616666666666666;48.09527777777778;"48į5'43.000""N 1į39'42.000""W";35238;"";84 BIS BD EMILE COMBES;35000;RENNES;Immeuble;21.0;Sociťtť Privťe SA
1107525;-1.6775;48.1025;"48į6'9.000""N 1į40'39.000""W";35238;"";RUE PAUL FEVAL;35000;RENNES;PylŰne autostable;25.0;SNCF Rťseau
1132560;-1.680277777777778;48.108333333333334;"48į6'30.000""N 1į40'49.000""W";35238;"";18 RUE DE NEMOURS;35000;RENNES;B‚timent;19.0;Sociťtť Privťe SA
1132783;-1.7719444444444445;48.14888888888889;"48į8'56.000""N 1į46'19.000""W";35210;"";"9, AVENUE JOSEPH LE BRIX";35740;PACE;Immeuble;18.0;Sociťtť HLM
1151846;-1.5827777777777778;48.096944444444446;"48į5'49.000""N 1į34'58.000""W";35051;LA TOUCHE SUR ROCHE;PR»S N.136 SORTIE M»NOURIAIS;35510;CESSON SEVIGNE;PylŰne autostable;50.0;TDF
1173910;-1.7641666666666667;48.13916666666667;"48į8'21.000""N 1į45'51.000""W";35210;ZAC DES TOUCHES;BD DE LA GIRAUDAIS LA JANAIE LONGUE;35740;PACE;PylŰne tubulaire;22.0;TOTEM
1192416;-1.6897222222222221;48.11194444444445;"48į6'43.000""N 1į41'23.000""W";35238;"";20 RUE DE BREST LES HORIZONS;35700;RENNES;Immeuble;118.0;Sociťtť Privťe SA
1192420;-1.7033333333333334;48.10444444444445;"48į6'16.000""N 1į42'12.000""W";35238;"";RUE MONSELET;35700;RENNES;B‚timent;20.0;Sociťtť Privťe SA
1204769;-1.6219444444444444;48.11;"48į6'36.000""N 1į37'19.000""W";35051;"";"CHEMIN DE BRAY ZONE D'ACTIVIT…S DE BRAYS";35510;CESSON SEVIGNE;B‚timent;7.0;EDF ou GDF
1204782;-1.6600000000000001;48.08;"48į4'48.000""N 1į39'36.000""W";35206;LA BIDOIS;D 82;35230;NOYAL CHATILLON SUR SEICHE;B‚timent;7.0;EDF ou GDF
1205488;-1.705;48.10583333333334;"48į6'21.000""N 1į42'18.000""W";35238;CLEUNAY;PROMENADE NICOLAS BORIE BOULEVARD VOLTAIRE;35000;RENNES;B‚timent;6.0;EDF ou GDF
1205502;-1.6511111111111112;48.13861111111111;"48į8'19.000""N 1į39'4.000""W";35238;ST LAURENT;RUE DU PROFESSEUR MAURICE AUDIN AVENUE DES GAYEULLES;35000;RENNES;B‚timent;8.0;EDF ou GDF
1205505;-1.7019444444444445;48.10638888888889;"48į6'23.000""N 1į42'7.000""W";35238;"";"64 BOULEVARD VOLTAIRE QUAI D'AUCHEL";35000;RENNES;B‚timent;15.0;EDF ou GDF
1206056;-1.6816666666666666;48.106944444444444;"48į6'25.000""N 1į40'54.000""W";35238;"";5-15 R DU PR… PERCHE;35000;RENNES;Immeuble;42.1;Sociťtť HLM
1206104;-1.7527777777777778;48.128055555555555;"48į7'41.000""N 1į45'10.000""W";35353;"";RUE DE LA BELLE EPINE POSTE ELECTRIQUE DE LA BELLE;35132;VEZIN LE COQUET;B‚timent;12.0;EDF ou GDF
1206106;-1.7527777777777778;48.12777777777778;"48į7'40.000""N 1į45'10.000""W";35353;"";31 RUE DE LA BELLE …PINE POSTE ELECTRIQUE DE LA BELLE …PINE1;35132;VEZIN LE COQUET;B‚timent;8.0;EDF ou GDF
1304843;-1.6927777777777777;48.11194444444445;"48į6'43.000""N 1į41'34.000""W";35238;"";19 R DE BREST;35000;RENNES;Immeuble;46.8;Sociťtť HLM
1319469;-1.6794444444444445;48.11277777777778;"48į6'46.000""N 1į40'46.000""W";35238;"";9 R LE BASTARD;35000;RENNES;Immeuble;5.0;BOUYGUES
1323200;-1.6736111111111112;48.13611111111111;"48į8'10.000""N 1į40'25.000""W";35238;"";"AVENUE DES MONTS D'ARR…E";35700;RENNES;B‚timent;24.0;"Copropriťtť, Syndic, SCI"
1351302;-1.6230555555555557;48.134166666666665;"48į8'3.000""N 1į37'23.000""W";35051;"";7 RUE DE LA TOUCHE LAMBERT;35510;CESSON SEVIGNE;B‚timent;25.0;ORANGE Services Fixes
1351381;-1.6844444444444444;48.14472222222222;"48į8'41.000""N 1į41'4.000""W";35278;"";6 BOULEVARD DE LA BOUTI»RE CS56816;35760;SAINT GREGOIRE;Immeuble;10.0;Etablissement de soins
1351390;-1.7130555555555556;48.100833333333334;"48į6'3.000""N 1į42'47.000""W";35238;"";4 PLACE GU…NOL… CLINIQUE LA SAGESSE;35000;RENNES;Immeuble;15.0;Etablissement de soins
1351432;-1.6569444444444446;48.13722222222222;"48į8'14.000""N 1į39'25.000""W";35238;"";320 RUE DU G…N…RAL PATTON CLINIQUE SAINT LAURENT;35000;RENNES;Immeuble;19.0;Etablissement de soins
1351477;-1.6772222222222222;48.10888888888889;"48į6'32.000""N 1į40'38.000""W";35238;"";1 RUE PAUL LOUIS COURIER H‘TEL MERCURE;35000;RENNES;B‚timent;25.7;Sociťtť Privťe SA
1351629;-1.693888888888889;48.11888888888889;"48į7'8.000""N 1į41'38.000""W";35238;"";2 RUE HENRI LE GUILLOUX CHU PONTCHAILLOU;35000;RENNES;Immeuble;62.0;Etablissement de soins
1398090;-1.6719444444444445;48.079166666666666;"48į4'45.000""N 1į40'19.000""W";35238;LES BOEDRIERS;LA BINTINAIS - ZA DU HILL CENTRALE DE COG…N…RATION BIOMASSE;35000;RENNES;B‚timent;12.0;Sociťtť Privťe SA
1404663;-1.6333333333333333;48.10611111111111;"48į6'22.000""N 1į38'0.000""W";35051;"";R DE BRAY IE BAS SUD;35510;CESSON SEVIGNE;PylŰne autostable;31.0;HIVORY
1412276;-1.6622222222222223;48.125;"48į7'30.000""N 1į39'44.000""W";35238;"";7 BOULEVARD EMMANUEL MOUNIER;35000;RENNES;Immeuble;54.0;Sociťtť HLM
1423528;-1.663888888888889;48.12361111111111;"48į7'25.000""N 1į39'50.000""W";35238;"";1 SQ DU DR DAYOT;35000;RENNES;Immeuble;33.3;Sociťtť HLM
1434300;-1.6630555555555555;48.095;"48į5'42.000""N 1į39'47.000""W";35238;"";78 BD EMILE COMBES;35000;RENNES;Immeuble;22.5;Sociťtť HLM
1434302;-1.6875;48.135555555555555;"48į8'8.000""N 1į41'15.000""W";35278;"";15 RUE DES PETITS CHAMPS;35760;SAINT GREGOIRE;PylŰne tubulaire;25.5;ON TOWER FRANCE
1456268;-1.6305555555555555;48.07805555555556;"48į4'41.000""N 1į37'50.000""W";35055;LES CHAUSS…ES;RUE DU BOIS DE SOEUVRES;35135;CHANTEPIE;PylŰne autostable;30.0;HIVORY
1471802;-1.5863888888888888;48.11277777777778;"48į6'46.000""N 1į35'11.000""W";35051;"";ZI DE LA RIGOURDIERE;35510;CESSON SEVIGNE;B‚timent;14.6;Sociťtť Privťe SA
1474198;-1.745277777777778;48.10805555555555;"48į6'29.000""N 1į44'43.000""W";35353;"";LA BALUE;35132;VEZIN LE COQUET;PylŰne autostable;25.0;HIVORY
1488234;-1.7130555555555556;48.102777777777774;"48į6'10.000""N 1į42'47.000""W";35238;"";130 R EUG»NE POTTIER;35200;RENNES;B‚timent;8.9;Particulier
1491481;-1.7666666666666666;48.13805555555555;"48į8'17.000""N 1į46'0.000""W";35210;GIRAUDAIS;"";35740;PACE;B‚timent;15.2;Sociťtť Privťe SA
1501756;-1.6341666666666668;48.102222222222224;"48į6'8.000""N 1į38'3.000""W";35238;"";10 RUE DES VEYETTES;35000;RENNES;B‚timent;11.0;Association
1505589;-1.6183333333333334;48.10333333333333;"48į6'12.000""N 1į37'6.000""W";35051;LES LANDES;"PARC D'ACTIVIT…S DES CHARMILLES";35510;CESSON SEVIGNE;PylŰne autostable;51.0;SFR
1505645;-1.7297222222222222;48.10444444444445;"48į6'16.000""N 1į43'47.000""W";35238;"";R DE LA RETARDAIS;35000;RENNES;PylŰne tubulaire;25.0;HIVORY
1524395;-1.5908333333333333;48.10944444444444;"48į6'34.000""N 1į35'27.000""W";35051;LA CHEVALERIE;0;35510;CESSON SEVIGNE;PylŰne autostable;30.0;SNCF Rťseau
1524397;-1.5972222222222223;48.11138888888889;"48į6'41.000""N 1į35'50.000""W";35051;LE TERTRE;PARC DU BOIS DE LA JUSTICE;35510;CESSON SEVIGNE;Tunnel;7.5;SNCF Rťseau
1528735;-1.6708333333333334;48.11888888888889;"48į7'8.000""N 1į40'15.000""W";35238;"";RUE JULES FERRY ARCHIVES D…PARTEMENTALES;35000;RENNES;B‚timent;31.0;"Commune, communautť de commune"
1532840;-1.6825;48.10611111111111;"48į6'22.000""N 1į40'57.000""W";35238;"";32 RUE PUITS MAUGER;35000;RENNES;Immeuble;33.0;"Copropriťtť, Syndic, SCI"
1532886;-1.6494444444444445;48.08777777777778;"48į5'16.000""N 1į38'58.000""W";35238;"";"1, SQUARE DES HAUTES OURMES TOUR NEOTOA";35000;RENNES;Immeuble;54.0;Sociťtť HLM
1535248;-1.7058333333333333;48.141666666666666;"48į8'30.000""N 1į42'21.000""W";35238;"";LA BOUSSARDIERE;35000;RENNES;PylŰne autostable;43.0;ATC FRANCE
1541712;-1.7041666666666666;48.08361111111111;"48į5'1.000""N 1į42'15.000""W";35281;"";STDE SALVADOR ALLENDE;35136;SAINT JACQUES DE LA LANDE;PylŰne tubulaire;33.3;ON TOWER FRANCE
1549073;-1.675;48.10611111111111;"48į6'22.000""N 1į40'30.000""W";35238;"";COURS DES ALLIES TOUR DE LA S…CURIT… SOCIALE;35000;RENNES;Immeuble;69.0;"Etat, MinistŤre"
1551975;-1.7619444444444445;48.147777777777776;"48į8'52.000""N 1į45'43.000""W";35210;"";RUE JEAN MARIE DAVID;35740;PACE;PylŰne tubulaire;35.0;ON TOWER FRANCE
1562473;-1.681111111111111;48.090833333333336;"48į5'27.000""N 1į40'52.000""W";35238;"";1 SQUARE SARAH BERNHARDT TOUR SARAH BERNHARDT;35000;RENNES;Immeuble;63.0;Sociťtť HLM
1562596;-1.6116666666666668;48.084722222222226;"48į5'5.000""N 1į36'42.000""W";35055;"";2 R DU PONT BOEUF CTRE DE G…RIATERIE;35135;CHANTEPIE;Immeuble;21.0;Etablissement de soins
1593103;-1.6825;48.09583333333333;"48į5'45.000""N 1į40'57.000""W";35238;"";2 SQ DU CDT CHRISTIAN DUTERTRE;35000;RENNES;Immeuble;33.5;Sociťtť HLM
1622286;-1.6197222222222223;48.09722222222222;"48į5'50.000""N 1į37'11.000""W";35055;"";RUE DU BREILLOU;35135;CHANTEPIE;PylŰne autostable;30.6;ON TOWER FRANCE
1623720;-1.6691666666666667;48.118611111111115;"48į7'7.000""N 1į40'9.000""W";35238;"";87 RUE JEAN GU…HENNO;35000;RENNES;Immeuble;30.3;"Copropriťtť, Syndic, SCI"
1633876;-1.6927777777777777;48.11944444444445;"48į7'10.000""N 1į41'34.000""W";35238;"";2 RUE HENRY LE GUILLOUX;35000;RENNES;B‚timent;14.0;Etablissement de soins
1636748;-1.6930555555555555;48.10527777777778;"48į6'19.000""N 1į41'35.000""W";35238;"";58 R DE REDON;35000;RENNES;B‚timent;25.0;ORANGE Services Fixes
1650989;-1.6491666666666667;48.11527777777778;"48į6'55.000""N 1į38'57.000""W";35238;"";RUE DE PRIMAUGUET;35000;RENNES;Immeuble;20.5;Sociťtť Privťe SA
1665040;-1.6891666666666667;48.14277777777778;"48į8'34.000""N 1į41'21.000""W";35278;LES ONZE JOURNAUX;3 BD DE LA BOUTI»RE POLE LOCOMOTEUR CLINIQUE PRIV…E;35760;SAINT GREGOIRE;Immeuble;12.0;"Copropriťtť, Syndic, SCI"
1674362;-1.6808333333333334;48.110277777777775;"48į6'37.000""N 1į40'51.000""W";35238;"";RUE DE ROHAN ET QUAI TROUIN;35000;RENNES;Immeuble;30.0;Sociťtť Privťe SA
1693041;-1.682777777777778;48.12;"48į7'12.000""N 1į40'58.000""W";35238;"";49 BOULEVARD DE CH…ZY;35000;RENNES;Immeuble;22.3;"Copropriťtť, Syndic, SCI"
1709499;-1.7797222222222222;48.14333333333333;"48į8'36.000""N 1į46'47.000""W";35210;KER BUGAN;"";35740;PACE;PylŰne autostable;36.0;TOTEM
1715864;-1.6825;48.11361111111111;"48į6'49.000""N 1į40'57.000""W";35238;"";14 PLACES DES LICES;35000;RENNES;Immeuble;30.0;"Copropriťtť, Syndic, SCI"
1723514;-1.6430555555555557;48.11138888888889;"48į6'41.000""N 1į38'35.000""W";35238;"";CHEMIN DE BAUD;35000;RENNES;B‚timent;17.0;Sociťtť Privťe SA
1730530;-1.7197222222222222;48.11277777777778;"48į6'46.000""N 1į43'11.000""W";35238;"";LA BASSE DIVISION;35000;RENNES;PylŰne autostable;31.3;ON TOWER FRANCE
1755455;-1.6572222222222222;48.07833333333333;"48į4'42.000""N 1į39'26.000""W";35206;LA BIDOIS;"";35230;NOYAL CHATILLON SUR SEICHE;PylŰne autostable;20.0;CELLNEX
1761107;-1.6686111111111113;48.0875;"48į5'15.000""N 1į40'7.000""W";35238;"";"4 AVENUE D'ITALIE";35000;RENNES;B‚timent;52.2;"Copropriťtť, Syndic, SCI"
1766482;-1.67;48.11805555555556;"48į7'5.000""N 1į40'12.000""W";35238;"";9 RUE JEAN MACE;35000;RENNES;B‚timent;28.0;"Etat, MinistŤre"
1770468;-1.6413888888888888;48.098055555555554;"48į5'53.000""N 1į38'29.000""W";35238;"";39 AVENUE GEORGES HENRI RIVI»RE;35000;RENNES;Immeuble;32.3;"Copropriťtť, Syndic, SCI"
1781720;-1.6622222222222223;48.11222222222222;"48į6'44.000""N 1į39'44.000""W";35238;"";1-3 RUE RAOUL PONCHON;35000;RENNES;B‚timent;24.2;"Copropriťtť, Syndic, SCI"
1782808;-1.6658333333333335;48.128055555555555;"48į7'41.000""N 1į39'57.000""W";35238;"";181 AVENUE G…N…RAL GEORGES S. PATTON;35000;RENNES;PylŰne tubulaire;28.6;TOTEM
1802517;-1.6222222222222222;48.099444444444444;"48į5'58.000""N 1į37'20.000""W";35055;"";20 RUE DU BREIL;35135;CHANTEPIE;B‚timent;10.0;Sociťtť Privťe SA
1802967;-1.8041666666666667;48.11361111111111;"48į6'49.000""N 1į48'15.000""W";35131;CHAMP DU MOULIN;PR»S D21;35590;HERMITAGE;PylŰne autostable;39.2;ATC FRANCE
1851554;-1.6877777777777778;48.10027777777778;"48į6'1.000""N 1į41'16.000""W";35238;"";22 R BUFERON;35000;RENNES;B‚timent;18.7;"Copropriťtť, Syndic, SCI"
1858904;-1.7102777777777778;48.0925;"48į5'33.000""N 1į42'37.000""W";35281;"";R DE LA BUTTE DES FUSILLES DE LA MALTIERE GAREGE ATELIER;35136;SAINT JACQUES DE LA LANDE;Immeuble;12.0;Sociťtť Privťe SA
1877742;-1.6330555555555555;48.08583333333333;"48į5'9.000""N 1į37'59.000""W";35055;"";"18 ALLEE DE GUERLEDAN PARC D'ACTIVITE ROCADE SUD";35135;CHANTEPIE;B‚timent;13.6;Sociťtť Privťe SA
1878476;-1.7336111111111112;48.08111111111111;"48į4'52.000""N 1į44'1.000""W";35281;"";3 AV DE BELLEVUE;35136;SAINT JACQUES DE LA LANDE;PylŰne tubulaire;30.2;ATC FRANCE
1886653;-1.7908333333333335;48.09111111111111;"48į5'28.000""N 1į47'27.000""W";35240;"";AVENUE DE LA CROIX VERTE ZAC DU CHENE VERT SOCIETE DEKRA;35650;RHEU;PylŰne autostable;31.3;ON TOWER FRANCE
1889026;-1.575;48.11555555555555;"48į6'56.000""N 1į34'30.000""W";35051;"";PORTE DE LA RIGOURDIERE;35236;CESSON SEVIGNE;PylŰne autostable;40.0;DDE
1889316;-1.7172222222222222;48.11805555555556;"48į7'5.000""N 1į43'2.000""W";35238;"";10 R MAURICE FABRE CIT… ADMINISTRATIVE;35000;RENNES;PylŰne autostable;45.0;DDE
1889885;-1.7133333333333334;48.10805555555555;"48į6'29.000""N 1į42'48.000""W";35238;"";111 RUE DE LORIENT STADE DE FOOTBALL;35000;RENNES;B‚timent;38.0;"Commune, communautť de commune"
1889887;-1.7125;48.106944444444444;"48į6'25.000""N 1į42'45.000""W";35238;"";111 RUE DE LORIENT STADE DE FOOTBALL;35000;RENNES;B‚timent;38.0;"Commune, communautť de commune"
1896553;-1.6955555555555555;48.11611111111111;"48į6'58.000""N 1į41'44.000""W";35238;"";19 R PIERRE ET MARIE CURIE;35000;RENNES;B‚timent;41.9;Sociťtť HLM
1907704;-1.7036111111111112;48.091388888888886;"48į5'29.000""N 1į42'13.000""W";35281;METRO LIGNE B/ST JACQUES;BD JEAN MERMOZ;35136;SAINT JACQUES DE LA LANDE;Intťrieur sous-terrain;0.0;Sociťtť Privťe SA
1907706;-1.651388888888889;48.12444444444444;"48į7'28.000""N 1į39'5.000""W";35238;METRO LIGNE B/JOLIOT CURIE;136 BD DE VITRE;35000;RENNES;Intťrieur sous-terrain;0.0;Sociťtť Privťe SA
1910550;-1.7194444444444446;48.11472222222222;"48į6'53.000""N 1į43'10.000""W";35238;"";"ROUTE DE VEZIN, LE PETIT CHAMPEAUX";35000;RENNES;PylŰne tubulaire;26.0;CELLNEX
1942370;-1.633888888888889;48.09305555555556;"48į5'35.000""N 1į38'2.000""W";35238;"";260 RUE DE CHATEAUGIRON;35000;RENNES;PylŰne tubulaire;31.3;ON TOWER FRANCE
1942410;-1.6816666666666666;48.115;"48į6'54.000""N 1į40'54.000""W";35238;"";PLACE SAINTE ANNE PLAIS DES CONGRES RENNES;35000;RENNES;Intťrieur sous-terrain;0.0;"Commune, communautť de commune"
1952107;-1.7044444444444444;48.10055555555556;"48į6'2.000""N 1į42'16.000""W";35238;"";1 R JULES LEBRUN;35000;RENNES;B‚timent;21.0;"Copropriťtť, Syndic, SCI"
1964907;-1.7066666666666666;48.10111111111111;"48į6'4.000""N 1į42'24.000""W";35238;"";42 RUE FERDINAND DE LESSEPS;35000;RENNES;Immeuble;20.8;Sociťtť Privťe SA
1972624;-1.7113888888888888;48.094722222222224;"48į5'41.000""N 1į42'41.000""W";35238;"";R JEAN PERRIN;35000;RENNES;B‚timent;4.0;Sociťtť Privťe SA
1986976;-1.588888888888889;48.11361111111111;"48į6'49.000""N 1į35'20.000""W";35051;"";20 RUE DE LA RIGOURDIERE;35510;CESSON SEVIGNE;B‚timent;18.4;Sociťtť Privťe SA
2020089;-1.7080555555555557;48.08638888888889;"48į5'11.000""N 1į42'29.000""W";35281;H‘TEL CAMPANILE;5 R FR…D…RIC BENOőT;35136;SAINT JACQUES DE LA LANDE;B‚timent;15.2;Sociťtť Privťe SA
2029816;-1.7113888888888888;48.12138888888889;"48į7'17.000""N 1į42'41.000""W";35238;M…TRO J.F KENNEDY;55 COURS KENNEDY;35000;RENNES;Intťrieur sous-terrain;0.0;"Commune, communautť de commune"
2029822;-1.7041666666666666;48.12138888888889;"48į7'17.000""N 1į42'15.000""W";35238;METRO VILLLEJEAN UNIVERSITE;5 PLACE RECTEUR HENRI LE MOAL;35000;RENNES;Intťrieur sous-terrain;0.0;"Commune, communautť de commune"
2029828;-1.6891666666666667;48.11972222222222;"48į7'11.000""N 1į41'21.000""W";35238;METRO PUITS TUMOINE;26 RUE JEAN OGEE;35000;RENNES;Intťrieur sous-terrain;0.0;"Commune, communautť de commune"
2029834;-1.6877777777777778;48.11805555555556;"48į7'5.000""N 1į41'16.000""W";35238;METRO ANATOLE FRANCE;20 RUE DU CARDINAL PAUL GOUYON;35000;RENNES;Intťrieur sous-terrain;0.0;"Commune, communautť de commune"
2029840;-1.6805555555555556;48.114444444444445;"48į6'52.000""N 1į40'50.000""W";35238;METRO SAINTE ANNE;20 PLACE SAINT ANNE;35000;RENNES;Intťrieur sous-terrain;0.0;"Commune, communautť de commune"
2029846;-1.6791666666666667;48.109722222222224;"48į6'35.000""N 1į40'45.000""W";35238;METRO REPUBLIQUE;1 B PLACE DE LA REPUBLIQUE;35000;RENNES;Intťrieur sous-terrain;0.0;"Commune, communautť de commune"
2029852;-1.6769444444444446;48.105555555555554;"48į6'20.000""N 1į40'37.000""W";35238;METRO CHARLES DE GAULLE;2 COURS DES ALLIES;35000;RENNES;Intťrieur sous-terrain;0.0;"Commune, communautť de commune"
2029858;-1.6722222222222223;48.1025;"48į6'9.000""N 1į40'20.000""W";35238;METRO PUITS QUINELEU;17 RUE DE CHATILLON;35000;RENNES;Intťrieur sous-terrain;0.0;"Commune, communautť de commune"
2029864;-1.6755555555555555;48.09777777777778;"48į5'52.000""N 1į40'32.000""W";35238;METRO JACQUES CARTIER;36 RUE MARIE-ROUAULT 102 RUE DE L ALMA;35000;RENNES;Intťrieur sous-terrain;0.0;"Commune, communautť de commune"
2029870;-1.6744444444444446;48.09361111111111;"48į5'37.000""N 1į40'28.000""W";35238;METRO CLEMENCEAU;1 RUE GENEVI…VE DE GAULLE;35000;RENNES;Intťrieur sous-terrain;0.0;"Commune, communautť de commune"
2029876;-1.6747222222222222;48.08777777777778;"48į5'16.000""N 1į40'29.000""W";35238;METRO HENRI FREVILLE;103 AVENUE HENRI FREVILLE;35000;RENNES;Intťrieur sous-terrain;0.0;"Commune, communautť de commune"
2029882;-1.6677777777777778;48.086666666666666;"48į5'12.000""N 1į40'4.000""W";35238;METRO ITALIE;"6 AVENUE D'ITALIE";35000;RENNES;Intťrieur sous-terrain;0.0;"Commune, communautť de commune"
2029888;-1.6605555555555556;48.08638888888889;"48į5'11.000""N 1į39'38.000""W";35238;METRO TRIANGLE;AVENUE DES PAYS BAS ZUP SUD QUARTIER LE BLOSNE;35000;RENNES;Intťrieur sous-terrain;0.0;"Commune, communautť de commune"
2029894;-1.6541666666666668;48.08777777777778;"48į5'16.000""N 1į39'15.000""W";35238;METRO LE BLOSNE;2 RUE DE ROUMANIE;35000;RENNES;Intťrieur sous-terrain;0.0;"Commune, communautť de commune"
2029900;-1.6722222222222223;48.10388888888889;"48į6'14.000""N 1į40'20.000""W";35238;METRO GARES;18 PLACE DE LA GARE;35000;RENNES;Intťrieur sous-terrain;0.0;"Commune, communautť de commune"
2058606;-1.6219444444444444;48.136944444444445;"48į8'13.000""N 1į37'19.000""W";35051;"";7 R CLAUDE CHAPPE;35510;CESSON SEVIGNE;B‚timent;20.0;Sociťtť Privťe SA
2061412;-1.6877777777777778;48.13111111111111;"48į7'52.000""N 1į41'16.000""W";35238;"";12 RUE DE LA DONELIERE;35000;RENNES;PylŰne tubulaire;25.5;CELLNEX
2061415;-1.7805555555555554;48.096666666666664;"48į5'48.000""N 1į46'50.000""W";35240;ZA DU CH NE VERT;5 R DE LA BARBERAIS;35650;RHEU;PylŰne tubulaire;26.0;CELLNEX
2064511;-1.7219444444444445;48.14944444444444;"48į8'58.000""N 1į43'19.000""W";35189;LE PR… NEUF;1 LIEU-DIT LE PR… NEUF;35760;MONTGERMONT;PylŰne autostable;27.8;CELLNEX
2065332;-1.6344444444444446;48.13861111111111;"48į8'19.000""N 1į38'4.000""W";35238;"";RUE PATIS TATELIN;35000;RENNES;PylŰne autostable;31.4;CELLNEX
2069534;-1.6813888888888888;48.11527777777778;"48į6'55.000""N 1į40'53.000""W";35238;"";PLACE SAINTE ANNE PALAIS DES CONGRES;35000;RENNES;Intťrieur sous-terrain;0.0;"Commune, communautť de commune"
2074628;-1.7336111111111112;48.10027777777778;"48į6'1.000""N 1į44'1.000""W";35238;"";37 B R DU MANOIR DE SERVIGNE;35000;RENNES;PylŰne autostable;31.4;CELLNEX
2075085;-1.6644444444444444;48.08583333333333;"48į5'9.000""N 1į39'52.000""W";35238;"";11  RUE DU GACET;35000;RENNES;Immeuble;25.7;Sociťtť HLM
2078503;-1.6625;48.111666666666665;"48į6'42.000""N 1į39'45.000""W";35238;"";29 RUE FRAN«OIS CHARLES OBERTHUR;35000;RENNES;Immeuble;24.0;"Copropriťtť, Syndic, SCI"
2079751;-1.6197222222222223;48.145;"48į8'42.000""N 1į37'11.000""W";35051;LE VIVIER;CALENDROU BORD N 136;35510;CESSON SEVIGNE;PylŰne autostable;22.0;Sociťtť Privťe SA
2117718;-1.6894444444444443;48.10027777777778;"48į6'1.000""N 1į41'22.000""W";35238;"";26 RUE DE BUFFERON;35000;RENNES;PylŰne autostable;36.0;TOTEM
2121207;-1.6822222222222223;48.11277777777778;"48į6'46.000""N 1į40'56.000""W";35238;"";6 ET 6 BIS RUE DE LA MONNAIE;35000;RENNES;PylŰne autostable;20.0;ORANGE
2122354;-1.708611111111111;48.10027777777778;"48į6'1.000""N 1į42'31.000""W";35238;"";1 ņ 11 RUE ANDR… TRASBOT;35000;RENNES;B‚timent;22.3;Sociťtť HLM
2134948;-1.6541666666666668;48.10861111111111;"48į6'31.000""N 1į39'15.000""W";35238;"";10 BOULEVARD VILLEBOIS MAREUIL;35000;RENNES;Immeuble;31.3;"Copropriťtť, Syndic, SCI"
2134951;-1.646111111111111;48.10527777777778;"48į6'19.000""N 1į38'46.000""W";35238;"";30 RUE ARTHUR FONTAINE;35000;RENNES;Immeuble;15.1;"Copropriťtť, Syndic, SCI"
2137303;-1.763611111111111;48.13722222222222;"48į8'14.000""N 1į45'49.000""W";35210;"";14 AV DES TOUCHES;35740;PACE;B‚timent;14.4;Sociťtť Privťe SA
2143145;-1.6188888888888888;48.09722222222222;"48į5'50.000""N 1į37'8.000""W";35055;"";2 RUE DU BREILLOU;35135;CHANTEPIE;PylŰne autostable;30.0;CELLNEX
2145347;-1.7069444444444444;48.13472222222222;"48į8'5.000""N 1į42'25.000""W";35238;LE BAS QUINC…;LA GRASNIERE;35200;RENNES;PylŰne autostable;33.0;CELLNEX
2146931;-1.6769444444444446;48.0875;"48į5'15.000""N 1į40'37.000""W";35238;"";"1 RUE D'UPPSALA";35000;RENNES;Immeuble;46.0;"Commune, communautť de commune"
2162432;-1.662777777777778;48.1375;"48į8'15.000""N 1į39'46.000""W";35238;"";7 RUE JEAN MARIN;35000;RENNES;B‚timent;29.9;"Copropriťtť, Syndic, SCI"
2181550;-1.7672222222222222;48.146388888888886;"48į8'47.000""N 1į46'2.000""W";35210;"";RUE JEAN MARIE TULLOU;35740;PACE;PylŰne autostable;39.3;CELLNEX
2199702;-1.695;48.092777777777776;"48į5'34.000""N 1į41'42.000""W";35281;"";58-68 RUE DE LA PILATE;35136;SAINT JACQUES DE LA LANDE;Immeuble;34.7;"Copropriťtť, Syndic, SCI"
2208015;-1.6466666666666665;48.11361111111111;"48į6'49.000""N 1į38'48.000""W";35238;"";118 AVENUE GENERAL LECLERC;35700;RENNES;Immeuble;20.5;Sociťtť HLM
2239493;-1.6027777777777779;48.11388888888889;"48į6'50.000""N 1į36'10.000""W";35051;"";3 RUE DE PARIS CINEVILLE;35236;CESSON SEVIGNE;B‚timent;25.0;"Commune, communautť de commune"
2249630;-1.7872222222222223;48.14388888888889;"48į8'38.000""N 1į47'14.000""W";35210;LA RIOTTELAIS;LA RIOTTELAIS;35740;PACE;PylŰne autostable;38.2;BOUYGUES
2278114;-1.6133333333333333;48.1475;"48į8'51.000""N 1į36'48.000""W";35051;LA VICTOIRE;LES TOUCHES - C.R. Nį 136;35510;CESSON SEVIGNE;PylŰne autostable;30.0;TOTEM
2278308;-1.6286111111111112;48.13027777777778;"48į7'49.000""N 1į37'43.000""W";35051;"";6 B R DU CH NE GERMAIN APPART CITY;35510;CESSON SEVIGNE;B‚timent;25.3;Sociťtť Privťe SA
2301455;-1.6277777777777778;48.104166666666664;"48į6'15.000""N 1į37'40.000""W";35051;"";3 RUE DU BAS VILLAGE;35510;CESSON SEVIGNE;PylŰne tubulaire;36.0;CELLNEX
2344062;-1.6622222222222223;48.09;"48į5'24.000""N 1į39'44.000""W";35238;"";SQUARE ALEXIS LE STRAT BOULEVARD PIERRE LEMOINE;35000;RENNES;PylŰne tubulaire;30.0;ORANGE
2353507;-1.7555555555555555;48.11277777777778;"48į6'46.000""N 1į45'20.000""W";35353;LE MOULIN DU BOIS;STADE DE FOOTBALL;35132;VEZIN LE COQUET;PylŰne tubulaire;31.0;SFR
2362195;-1.6436111111111111;48.125277777777775;"48į7'31.000""N 1į38'37.000""W";35238;LES GALLETS;CHEM DU GALLET R…SERVOIR;35000;RENNES;"Ch‚teau d'eau - rťservoir";37.0;"Commune, communautť de commune"
2368611;-1.6086111111111112;48.14805555555556;"48į8'53.000""N 1į36'31.000""W";35051;LA TOUCHE DOGON;LE FORT BOUEXIERE N136;35510;CESSON SEVIGNE;PylŰne autostable;33.0;CELLNEX
2378002;-1.649722222222222;48.094722222222224;"48į5'41.000""N 1į38'59.000""W";35238;"";"127 TER, RUE DE VERN";35000;RENNES;Immeuble;19.0;Sociťtť HLM
2381650;-1.5997222222222223;48.07944444444445;"48į4'46.000""N 1į35'59.000""W";35055;LA PLANCHE;AV DES QUATRE VENTS;35135;CHANTEPIE;PylŰne autostable;32.6;CELLNEX
2396616;-1.7025000000000001;48.09777777777778;"48į5'52.000""N 1į42'9.000""W";35238;M…TRO STATION TUNNEL T2;19 RUE DE LA GUIBOURG»RE;35000;RENNES;Intťrieur sous-terrain;0.0;"Commune, communautť de commune"
2396622;-1.6622222222222223;48.12833333333333;"48į7'42.000""N 1į39'44.000""W";35238;METRO STATION TUNNEL 8;ALL…E DE ROCHESTER;35000;RENNES;Intťrieur sous-terrain;0.0;"Commune, communautť de commune"
2397178;-1.6722222222222223;48.104166666666664;"48į6'15.000""N 1į40'20.000""W";35238;M…TRO STATION GARES;18 PLACE DE LA GARE;35000;RENNES;Intťrieur sous-terrain;0.0;"Commune, communautť de commune"
2397182;-1.651388888888889;48.12416666666667;"48į7'27.000""N 1į39'5.000""W";35238;M…TRO STATION JOLIOT CURIE;129 BOULEVARD DE VITR…;35000;RENNES;Intťrieur sous-terrain;0.0;"Commune, communautť de commune"
2397184;-1.6669444444444443;48.12166666666667;"48į7'18.000""N 1į40'1.000""W";35238;METRO STATION PUITSLAFOND;29 RUE LAFOND;35000;RENNES;Intťrieur sous-terrain;0.0;"Commune, communautť de commune"
2397186;-1.7063888888888887;48.100833333333334;"48į6'3.000""N 1į42'23.000""W";35238;METRO STATION CLEUNAY;25 RUE FERDINAND DE LESSEPS;35000;RENNES;Intťrieur galerie;0.0;"Commune, communautť de commune"
2397188;-1.7038888888888888;48.105;"48į6'18.000""N 1į42'14.000""W";35238;METRO STATION PUITSVOLTAIRE;91 BOULEVARD VOLTAIRE;35000;RENNES;Intťrieur sous-terrain;0.0;"Commune, communautť de commune"
2397192;-1.6644444444444444;48.125277777777775;"48į7'31.000""N 1į39'52.000""W";35238;METRO STATION GROS CHENE;24 RUE DE LA MARBAUDAIS;35000;RENNES;Intťrieur sous-terrain;0.0;"Commune, communautť de commune"
2397194;-1.6522222222222223;48.128055555555555;"48į7'41.000""N 1į39'8.000""W";35238;METRO STATION TUNNEL T9;9 ALL…E DE ROCHESTER;35000;RENNES;Intťrieur sous-terrain;0.0;"Commune, communautť de commune"
2397858;-1.6719444444444445;48.108333333333334;"48į6'30.000""N 1į40'19.000""W";35238;METRO STATION DUHAMEL;15 RUE DUHAMEL;35000;RENNES;Intťrieur sous-terrain;0.0;"Commune, communautť de commune"
2397860;-1.6819444444444445;48.10583333333334;"48į6'21.000""N 1į40'55.000""W";35238;METRO STATION COLOMBIER;20 RUE DU PUITS MAUGER;35000;RENNES;Intťrieur sous-terrain;0.0;"Commune, communautť de commune"
2397862;-1.676111111111111;48.11055555555556;"48į6'38.000""N 1į40'34.000""W";35238;METRO STATION ST GERMAIN;PLACE SAINT GERMAIN;35000;RENNES;Intťrieur sous-terrain;0.0;"Commune, communautť de commune"
2400329;-1.6983333333333333;48.09638888888889;"48į5'47.000""N 1į41'54.000""W";35281;METRO STATION LACOURROUZE;19 ALL…E JEANNE LAURENT;35136;SAINT JACQUES DE LA LANDE;Intťrieur sous-terrain;0.0;"Commune, communautť de commune"
2401865;-1.6775;48.10527777777778;"48į6'19.000""N 1į40'39.000""W";35238;M…TRO STATION TUNNEL T4;PLACE DU COLOMBIER;35000;RENNES;Intťrieur sous-terrain;0.0;"Commune, communautť de commune"
2401867;-1.6469444444444445;48.12305555555555;"48į7'23.000""N 1į38'49.000""W";35238;M…TRO STATION TUNNEL T10;22 RUE MIRABEAU;35000;RENNES;Intťrieur sous-terrain;0.0;"Commune, communautť de commune"
2402733;-1.6758333333333333;48.11833333333333;"48į7'6.000""N 1į40'33.000""W";35238;METRO STATION PUITSVINCENNES;"76 RUE D'ANTRAIN";35000;RENNES;Intťrieur sous-terrain;0.0;"Commune, communautť de commune"
2402894;-1.68;48.11472222222222;"48į6'53.000""N 1į40'48.000""W";35238;METRO STATION ST ANNE;CTR ST-AUBIN PLACE SAINTE ANNE;35000;RENNES;Intťrieur sous-terrain;0.0;"Commune, communautť de commune"
2409017;-1.6708333333333334;48.118611111111115;"48į7'7.000""N 1į40'15.000""W";35238;METRO STATION JULES FERRY;75 RUE JEAN GU…HENNO;35000;RENNES;Intťrieur sous-terrain;0.0;"Commune, communautť de commune"
2409021;-1.6552777777777778;48.12916666666667;"48į7'45.000""N 1į39'19.000""W";35238;METRO STATION LES GAYEULLES;RUE MARTHE-SIMARD RUE GUY ROPARTZ;35000;RENNES;Intťrieur sous-terrain;0.0;"Commune, communautť de commune"
2409500;-1.7033333333333334;48.09222222222222;"48į5'32.000""N 1į42'12.000""W";35281;METRO STAT ST JACQUES GAITE;99 BOULEVARD JEAN MERMOZ;35136;SAINT JACQUES DE LA LANDE;Intťrieur sous-terrain;0.0;"Commune, communautť de commune"
2409856;-1.6997222222222224;48.09388888888889;"48į5'38.000""N 1į41'59.000""W";35281;METRO STATION TUNNEL T1;73 BOULEVARD JEAN MERMOZ;35136;SAINT JACQUES DE LA LANDE;Intťrieur sous-terrain;0.0;"Commune, communautť de commune"
2410092;-1.6927777777777777;48.10527777777778;"48į6'19.000""N 1į41'34.000""W";35238;M…TRO STATION MABILAIS;50 RUE DE REDON;35000;RENNES;Intťrieur sous-terrain;0.0;"Commune, communautť de commune"
2441693;-1.6719444444444445;48.10333333333333;"48į6'12.000""N 1į40'19.000""W";35238;"";19 PLACE DE LA GARE PROCHE ASCENSEUR;35000;RENNES;Intťrieur galerie;17.0;SNCF
2441695;-1.6724999999999999;48.102777777777774;"48į6'10.000""N 1į40'21.000""W";35238;"";19 PL DE LA GARE A C‘T… DU MAGASIN PARFOIS;35000;RENNES;Intťrieur galerie;17.0;SNCF
2449811;-1.6266666666666667;48.128055555555555;"48į7'41.000""N 1į37'36.000""W";35051;"";1 AV BELLE FONTAINE;35510;CESSON SEVIGNE;B‚timent;19.2;Sociťtť Privťe SA
2465067;-1.6469444444444445;48.13333333333333;"48į8'0.000""N 1į38'49.000""W";35238;BASE DE LOISIRS DES GAYEULLES;RUE DU PROFESSEUR MAURICE AUDI BASE DE LOISIRS DES GAYEULLES;35000;RENNES;PylŰne tubulaire;30.0;TOTEM
2473303;-1.6766666666666667;48.09361111111111;"48į5'37.000""N 1į40'36.000""W";35238;"";108 BOULEVARD GEORGES CL…MENCEAU;35200;RENNES;Immeuble;22.0;"Copropriťtť, Syndic, SCI"
2498932;-1.6108333333333333;48.08111111111111;"48į4'52.000""N 1į36'39.000""W";35055;"";18 RUE DE CEZEMBRE;35135;CHANTEPIE;PylŰne autostable;33.2;FREE-MOBILE
2500194;-1.7266666666666666;48.109722222222224;"48į6'35.000""N 1į43'36.000""W";35238;"";24 R NICOLAS JOSEPH CUGNOT;35000;RENNES;PylŰne autostable;32.6;CELLNEX
2516508;-1.676111111111111;48.11194444444445;"48į6'43.000""N 1į40'34.000""W";35238;"";15 RUE ST GEORGES;35000;RENNES;Monument religieux;10.0;"Commune, communautť de commune"
2522983;-1.5969444444444445;48.10944444444444;"48į6'34.000""N 1į35'49.000""W";35051;"";RUE DES BUTTES PARC DU BOIS DE LA JUSTICE;35510;CESSON SEVIGNE;PylŰne autostable;38.0;CELLNEX
2531438;-1.711111111111111;48.12638888888889;"48į7'35.000""N 1į42'40.000""W";35238;"";13 R DOYEN DENIS LEROY;35000;RENNES;Immeuble;15.4;Sociťtť HLM
2532596;-1.5963888888888889;48.10305555555556;"48į6'11.000""N 1į35'47.000""W";35051;"";LA BELLANGERAIE;35510;CESSON SEVIGNE;PylŰne autostable;26.6;CELLNEX
2534495;-1.6341666666666668;48.10027777777778;"48į6'1.000""N 1į38'3.000""W";35238;"";16 R DU PRE DU BOIS;35000;RENNES;PylŰne autostable;20.0;CELLNEX
2534679;-1.6830555555555555;48.1125;"48į6'45.000""N 1į40'59.000""W";35238;"";1 PLACE DE LA TRINIT…;35000;RENNES;B‚timent;23.8;Sociťtť Privťe SA
2546000;-1.6955555555555555;48.131388888888885;"48į7'53.000""N 1į41'44.000""W";35238;"";RUE AURELIE NEMOURS;35000;RENNES;B‚timent;27.0;"Copropriťtť, Syndic, SCI"
2576045;-1.6302777777777777;48.083888888888886;"48į5'2.000""N 1į37'49.000""W";35055;"";8 ALLEE DE GUERLEDAN;35135;CHANTEPIE;PylŰne tubulaire;17.0;FREE-MOBILE
2582901;-1.6936111111111112;48.13861111111111;"48į8'19.000""N 1į41'37.000""W";35278;"";10 RUE DE LA CERISAIE MAGASIN CEDEO;35760;SAINT GREGOIRE;PylŰne tubulaire;37.0;CELLNEX
2585145;-1.6822222222222223;48.099444444444444;"48į5'58.000""N 1į40'56.000""W";35238;"";31 R ANDRE DESILLES;35000;RENNES;Immeuble;19.7;"Copropriťtť, Syndic, SCI"
2586762;-1.6191666666666666;48.111111111111114;"48į6'40.000""N 1į37'9.000""W";35051;"";BOULEVARD DES ALLI…S;35510;CESSON SEVIGNE;PylŰne autostable;36.0;SFR
2592873;-1.6955555555555555;48.09222222222222;"48į5'32.000""N 1į41'44.000""W";35281;"";58-68 RUE DE LA PILATE;35136;SAINT JACQUES DE LA LANDE;Immeuble;36.4;"Copropriťtť, Syndic, SCI"
2605775;-1.6099999999999999;48.12777777777778;"48į7'40.000""N 1į36'36.000""W";35051;"";RUE SAINT ROCH;35510;CESSON SEVIGNE;PylŰne tubulaire;30.0;FREE-MOBILE
2612771;-1.6263888888888889;48.13;"48į7'48.000""N 1į37'35.000""W";35051;"";3 RUE DU CH NE GERMAIN;35510;CESSON SEVIGNE;B‚timent;24.0;Etablissement de soins
2623497;-1.6305555555555555;48.098333333333336;"48į5'54.000""N 1į37'50.000""W";35238;"";RUE DES VEYETTES PROCHE N136;35000;RENNES;PylŰne tubulaire;37.3;FREE-MOBILE
2625003;-1.6477777777777778;48.11805555555556;"48į7'5.000""N 1į38'52.000""W";35238;"";STADE DE RUGBY UNIVERSITAIRE ALL…E JULES NOňL;35000;RENNES;PylŰne tubulaire;25.0;SFR
2631294;-1.6238888888888887;48.110277777777775;"48į6'37.000""N 1į37'26.000""W";35051;LA BARAQUE;CHEMIN DE BRAY;35510;CESSON SEVIGNE;PylŰne tubulaire;37.3;FREE-MOBILE
